{
  "created_at": "2026-05-07T07:46:43",
  "checkpoint": "checkpoint/h36m_v2b.bin",
  "num_samples": 512,
  "metrics": {
    "mpjpe_base_mm": {
      "mean": 39.93503167293966,
      "std": 2.91887877206437,
      "min": 34.65711325407028,
      "max": 46.379197388887405
    },
    "mpjpe_s_shuffle_mm": {
      "mean": 41.8602314312011,
      "std": 2.9650351087236784,
      "min": 37.00147941708565,
      "max": 48.21333661675453
    },
    "mpjpe_s_zero_mm": {
      "mean": 40.95055046491325,
      "std": 3.036079951947824,
      "min": 35.47937795519829,
      "max": 47.3562553524971
    },
    "mpjpe_mu_shuffle_mm": {
      "mean": 40.00544548034668,
      "std": 2.933091118506696,
      "min": 34.69356149435043,
      "max": 46.46039381623268
    },
    "delta_s_shuffle_mm": {
      "mean": 1.9251997582614422,
      "std": 0.7732778348575492,
      "min": 0.5632638931274414,
      "max": 3.100495785474777
    },
    "delta_s_zero_mm": {
      "mean": 1.0155187919735909,
      "std": 0.41339360891622245,
      "min": 0.38446858525276184,
      "max": 1.8949881196022034
    },
    "delta_mu_shuffle_mm": {
      "mean": 0.07041380740702152,
      "std": 0.08320423874663421,
      "min": -0.11464208364486694,
      "max": 0.25449320673942566
    },
    "s_gate_corr": {
      "mean": 0.4277180938928191,
      "std": 0.08377499410511305,
      "min": 0.26959277932015235,
      "max": 0.5685507226403496
    },
    "s_error_corr": {
      "mean": 0.01201945108756523,
      "std": 0.04715330710544038,
      "min": -0.11348963941531581,
      "max": 0.08611146515254485
    },
    "attn_diag_weight": {
      "mean": 0.06113895494490862,
      "std": 0.00046995258802511145,
      "min": 0.060308780521154404,
      "max": 0.06186160445213318
    },
    "attn_offdiag_weight": {
      "mean": 0.05867881537415087,
      "std": 2.937217039318356e-05,
      "min": 0.058633651584386826,
      "max": 0.05873069912195206
    },
    "attn_diag_ratio": {
      "mean": 1.0419296076411033,
      "std": 0.008530321211292076,
      "min": 1.026869612555257,
      "max": 1.0550527253547115
    }
  },
  "findings": [
    {
      "severity": "高",
      "issue": "不确定性单调抑制缺失",
      "detail": "s-门控相关系数=0.428，未体现“高不确定性应更强抑制”的负相关趋势。"
    },
    {
      "severity": "中",
      "issue": "不确定性与误差关联弱",
      "detail": "s-最终误差相关系数=0.012，不确定性信息性较弱。"
    }
  ]
}