{
  "config": "experiments/human36m/human36m_single_dlst.yaml",
  "checkpoint": "logs/ConPose@07.05.2026-10:46:00/checkpoints/best_epoch.bin",
  "num_samples": 1024,
  "selected_indices_start": 1222,
  "selected_indices_end": 543103,
  "num_groups": 8,
  "group_size": 16,
  "probe_split": {
    "train_frames": 716,
    "test_frames": 308
  },
  "full_token_probe": {
    "absolute_z": {
      "r2": 0.2566992717537896,
      "pearson": 0.5125736603563976,
      "spearman": 0.5173052501198664,
      "mae": 0.13009076228519464,
      "mae_over_std": 0.6093239229130096
    },
    "pairwise_all": {
      "r2": 0.4571714729729688,
      "pearson": 0.6770007765143262,
      "spearman": 0.6752419347539543,
      "ordinal_acc": 0.7687881970970206,
      "ordinal_acc_delta": 0.8033973036375456,
      "mae": 0.14422968615548845
    },
    "pairwise_bones": {
      "r2": 0.26338370397702215,
      "pearson": 0.5188342588021636,
      "spearman": 0.5359200314585919,
      "ordinal_acc": 0.7144886363636364,
      "ordinal_acc_delta": 0.7547826086956522,
      "mae": 0.08422821203150711
    },
    "pairwise_ambiguous": {
      "r2": 0.418221195144849,
      "pearson": 0.6606430191631381,
      "spearman": 0.673163985411121,
      "ordinal_acc": 0.7731331168831169,
      "ordinal_acc_delta": 0.8039485766758494,
      "mae": 0.14656223601854013
    }
  },
  "group_probes": [
    {
      "absolute_z": {
        "r2": 0.17590864446041288,
        "pearson": 0.4269944486828187,
        "spearman": 0.4428642426248535,
        "mae": 0.1415028568891684,
        "mae_over_std": 0.6627763136177649
      },
      "pairwise_all": {
        "r2": 0.31984610102530264,
        "pearson": 0.5667388562388063,
        "spearman": 0.5666074846566717,
        "ordinal_acc": 0.7143812070282658,
        "ordinal_acc_delta": 0.7474915915321783,
        "mae": 0.16628308831882962
      },
      "pairwise_bones": {
        "r2": 0.1727071885937349,
        "pearson": 0.4176114739692924,
        "spearman": 0.46106311096567193,
        "ordinal_acc": 0.656047077922078,
        "ordinal_acc_delta": 0.7104347826086956,
        "mae": 0.09344813922897567
      },
      "pairwise_ambiguous": {
        "r2": 0.3088136931863963,
        "pearson": 0.565934767825844,
        "spearman": 0.573126698340798,
        "ordinal_acc": 0.724025974025974,
        "ordinal_acc_delta": 0.7502295684113865,
        "mae": 0.1651993759600604
      },
      "group": 0,
      "channels": [
        0,
        16
      ]
    },
    {
      "absolute_z": {
        "r2": 0.16064374999335118,
        "pearson": 0.40748519837828207,
        "spearman": 0.42142339731548095,
        "mae": 0.14392828084954806,
        "mae_over_std": 0.6741366040511921
      },
      "pairwise_all": {
        "r2": 0.34342144340312364,
        "pearson": 0.5868109196482632,
        "spearman": 0.5992189914226893,
        "ordinal_acc": 0.7402358670741024,
        "ordinal_acc_delta": 0.773607303354908,
        "mae": 0.1604455189673971
      },
      "pairwise_bones": {
        "r2": 0.16019935783360895,
        "pearson": 0.4030201640075622,
        "spearman": 0.43684409330481977,
        "ordinal_acc": 0.6637581168831169,
        "ordinal_acc_delta": 0.703768115942029,
        "mae": 0.09316979075134628
      },
      "pairwise_ambiguous": {
        "r2": 0.3298810327491838,
        "pearson": 0.5846352392278863,
        "spearman": 0.6002256159127931,
        "ordinal_acc": 0.7390422077922078,
        "ordinal_acc_delta": 0.7644628099173554,
        "mae": 0.15988453750097795
      },
      "group": 1,
      "channels": [
        16,
        32
      ]
    },
    {
      "absolute_z": {
        "r2": 0.19721673268749484,
        "pearson": 0.4537404679612675,
        "spearman": 0.4657806270482273,
        "mae": 0.13636664164342024,
        "mae_over_std": 0.6387191187217593
      },
      "pairwise_all": {
        "r2": 0.397477540128809,
        "pearson": 0.6311516986043461,
        "spearman": 0.6367108002674806,
        "ordinal_acc": 0.7534138655462185,
        "ordinal_acc_delta": 0.7868347418105763,
        "mae": 0.15179950398923436
      },
      "pairwise_bones": {
        "r2": 0.20421873359177045,
        "pearson": 0.4540485317916259,
        "spearman": 0.5028831403790854,
        "ordinal_acc": 0.7140827922077922,
        "ordinal_acc_delta": 0.7481159420289855,
        "mae": 0.08843120578458176
      },
      "pairwise_ambiguous": {
        "r2": 0.3491169440597003,
        "pearson": 0.6005110067731624,
        "spearman": 0.6209624980641878,
        "ordinal_acc": 0.7581168831168831,
        "ordinal_acc_delta": 0.7814508723599632,
        "mae": 0.15585051979040423
      },
      "group": 2,
      "channels": [
        32,
        48
      ]
    },
    {
      "absolute_z": {
        "r2": 0.17382986931148892,
        "pearson": 0.4293563429048534,
        "spearman": 0.4446242645423188,
        "mae": 0.1400171532472567,
        "mae_over_std": 0.6558175199611395
      },
      "pairwise_all": {
        "r2": 0.3681494790751205,
        "pearson": 0.6075204280851285,
        "spearman": 0.6114455661215203,
        "ordinal_acc": 0.7381350267379679,
        "ordinal_acc_delta": 0.7703569712557587,
        "mae": 0.15726995895917256
      },
      "pairwise_bones": {
        "r2": 0.18968072797237256,
        "pearson": 0.43652733806956406,
        "spearman": 0.4713390672178614,
        "ordinal_acc": 0.6753246753246753,
        "ordinal_acc_delta": 0.7234782608695652,
        "mae": 0.09146875062339824
      },
      "pairwise_ambiguous": {
        "r2": 0.34211673804665277,
        "pearson": 0.5931281717987182,
        "spearman": 0.6211929697121504,
        "ordinal_acc": 0.7568993506493507,
        "ordinal_acc_delta": 0.7828282828282829,
        "mae": 0.1581520779487081
      },
      "group": 3,
      "channels": [
        48,
        64
      ]
    },
    {
      "absolute_z": {
        "r2": 0.1853634571626548,
        "pearson": 0.44284508978233506,
        "spearman": 0.4442552897119649,
        "mae": 0.1385012554208322,
        "mae_over_std": 0.6487173016665665
      },
      "pairwise_all": {
        "r2": 0.40437994786866127,
        "pearson": 0.6371368373452909,
        "spearman": 0.6370822521929933,
        "ordinal_acc": 0.7537242169595111,
        "ordinal_acc_delta": 0.7863542579350499,
        "mae": 0.1510777391454937
      },
      "pairwise_bones": {
        "r2": 0.21756861381553538,
        "pearson": 0.4679023186105486,
        "spearman": 0.5082825547224765,
        "ordinal_acc": 0.7047483766233766,
        "ordinal_acc_delta": 0.7344927536231884,
        "mae": 0.08798462928288686
      },
      "pairwise_ambiguous": {
        "r2": 0.3520376698587139,
        "pearson": 0.5992927069083545,
        "spearman": 0.6208649497951118,
        "ordinal_acc": 0.7593344155844156,
        "ordinal_acc_delta": 0.7846648301193756,
        "mae": 0.15761536550699606
      },
      "group": 4,
      "channels": [
        64,
        80
      ]
    },
    {
      "absolute_z": {
        "r2": 0.18127291319631667,
        "pearson": 0.4355928660202077,
        "spearman": 0.44365033705596035,
        "mae": 0.13869143518761493,
        "mae_over_std": 0.6496080726907281
      },
      "pairwise_all": {
        "r2": 0.3592977905368243,
        "pearson": 0.6007092663527649,
        "spearman": 0.6119088171179333,
        "ordinal_acc": 0.7406655844155844,
        "ordinal_acc_delta": 0.7757836126734688,
        "mae": 0.1587207939369391
      },
      "pairwise_bones": {
        "r2": 0.19492411151265365,
        "pearson": 0.4425454160201221,
        "spearman": 0.47699328569830185,
        "ordinal_acc": 0.6659902597402597,
        "ordinal_acc_delta": 0.7159420289855073,
        "mae": 0.09013818949495482
      },
      "pairwise_ambiguous": {
        "r2": 0.3448686726878657,
        "pearson": 0.5914524124129685,
        "spearman": 0.6093917404303333,