{
  "created_at": "2026-04-22T04:49:35",
  "checkpoint": "/home/SIMON/26HPE/ASFnet/DCFormer/checkpoint/h36m_v2b.bin",
  "num_samples": 256,
  "metrics": {
    "mpjpe_base_mm": {
      "mean": 41.403573006391525,
      "std": 4.47541652493912,
      "min": 33.87216106057167,
      "max": 46.919383108615875
    },
    "mpjpe_s_shuffle_mm": {
      "mean": 43.506449554115534,
      "std": 4.945987241104376,
      "min": 34.513313323259354,
      "max": 51.00750923156738
    },
    "mpjpe_s_zero_mm": {
      "mean": 42.589892633259296,
      "std": 4.6447062793028095,
      "min": 34.279365092515945,
      "max": 49.39623549580574
    },
    "mpjpe_mu_shuffle_mm": {
      "mean": 41.56732140108943,
      "std": 4.481979482800627,
      "min": 33.92469137907028,
      "max": 47.24700376391411
    },
    "delta_s_shuffle_mm": {
      "mean": 2.1028765477240086,
      "std": 1.1717373526021237,
      "min": 0.6411522626876831,
      "max": 4.088126122951508
    },
    "delta_s_zero_mm": {
      "mean": 1.1863196268677711,
      "std": 0.7970758747685757,
      "min": 0.10475516319274902,
      "max": 2.476852387189865
    },
    "delta_mu_shuffle_mm": {
      "mean": 0.1637483946979046,
      "std": 0.11594491377088599,
      "min": 0.042695552110672,
      "max": 0.359363853931427
    },
    "s_gate_corr": {
      "mean": 0.3924151787742539,
      "std": 0.08408739806517568,
      "min": 0.2594303393508025,
      "max": 0.5611835851277489
    },
    "s_error_corr": {
      "mean": 0.01924109892348779,
      "std": 0.054517574164976115,
      "min": -0.04542545500908909,
      "max": 0.1426568876300818
    },
    "attn_diag_weight": {
      "mean": 0.061327890958637,
      "std": 0.000572283227949613,
      "min": 0.06053643301129341,
      "max": 0.06225758418440819
    },
    "attn_offdiag_weight": {
      "mean": 0.05866700643673539,
      "std": 3.576871341471267e-05,
      "min": 0.058608900755643845,
      "max": 0.05871647223830223
    },
    "attn_diag_ratio": {
      "mean": 1.0453618831431195,
      "std": 0.010395177111539752,
      "min": 1.0309955689376087,
      "max": 1.062254585211055
    }
  },
  "findings": [
    {
      "severity": "高",
      "issue": "不确定性单调抑制缺失",
      "detail": "s-门控相关系数=0.392，未体现“高不确定性应更强抑制”的负相关趋势。"
    },
    {
      "severity": "中",
      "issue": "不确定性与误差关联弱",
      "detail": "s-最终误差相关系数=0.019，不确定性信息性较弱。"
    }
  ]
}